Workbook

Sheet Instructions
A1: Perform the following in the dataset from the 'Dataset' sheet.
B3: 1) Sum, Count, Average:
C4: • What is the total price of all products in the dataset?
C5: • How many products are there in the dataset?
C6: • Calculate the average price of the products.
B8: 2) Min and Max:
C9: • Determine the minimum price among all products.
C10: • Find the maximum price among all products.
B12: 3) IF Function:
C13: • Using an IF function, create a new column named Price Range to categorize products with a price greater than or equal to $500 as 'High Price' and others as 'Standard Price'.
B15: 4) SUMIF and COUNTIF:
C16: • Calculate the total price for products in the 'Electronics' category using the SUMIF function.
C17: • Determine the count of products with a price less than $100 using the COUNTIF function.
B19: 5) Text Formatting - LEFT, RIGHT, MID:
C20: • Create a new column named Day with the first 2 characters of each 'Product ID' using the LEFT function.
C21: • Create a new column named Country Code by extracting the last 2 characters from the 'Product ID' column using the RIGHT function.
C22: • Create a new column named Month by extracting 4th to 6th characters from the 'Product ID' column using the MID function.

Sheet Dataset
A1: MONTH | B1: COUNTRY CODE | C1: DAY | D1: Product ID | E1: Product Name | F1: Brand Name | G1: price range | H1: Price ($) | I1: Quantity | J1: Category
A2: =MID(Dataset!$D2,4,3) -> JAN | B2: =RIGHT(Dataset!$D2,2) -> US | C2: =LEFT(Dataset!$D2,2) -> 28 | D2: 28-JAN-US | E2: Laptop | F2: Dell | G2: =IF(Dataset!$H2>=500,"high price","standard price") -> high price | H2: 1000 | I2: 30 | J2: Electronics | L2: Sum of product price | M2: =SUM(Dataset!$H$2:$H$35) -> 10100
A3: =MID(Dataset!$D3,4,3) -> FEB | B3: =RIGHT(Dataset!$D3,2) -> US | C3: =LEFT(Dataset!$D3,2) -> 15 | D3: 15-FEB-US | E3: Sneakers | F3: Nike | G3: =IF(Dataset!$H3>=500,"high price","standard price") -> standard price | H3: 80 | I3: 15 | J3: Fashion | L3: Count of products | M3: =COUNT(I2:I35) -> 34
A4: =MID(Dataset!$D4,4,3) -> MAR | B4: =RIGHT(Dataset!$D4,2) -> US | C4: =LEFT(Dataset!$D4,2) -> 03 | D4: 03-MAR-US | E4: Coffee Maker | F4: Keurig | G4: =IF(Dataset!$H4>=500,"high price","standard price") -> standard price | H4: 130 | I4: 40 | J4: Kitchen | L4: Average | M4: =AVERAGE(Dataset!$H$2:$H$35) -> 297.05882
A5: =MID(Dataset!$D5,4,3) -> APR | B5: =RIGHT(Dataset!$D5,2) -> US | C5: =LEFT(Dataset!$D5,2) -> 11 | D5: 11-APR-US | E5: Smartphone | F5: Samsung | G5: =IF(Dataset!$H5>=500,"high price","standard price") -> high price | H5: 900 | I5: 25 | J5: Electronics | L5: Minimum | M5: =MIN(Dataset!$H$2:$H$35) -> 30
A6: =MID(Dataset!$D6,4,3) -> MAY | B6: =RIGHT(Dataset!$D6,2) -> US | C6: =LEFT(Dataset!$D6,2) -> 22 | D6: 22-MAY-US | E6: Backpack | F6: North Face | G6: =IF(Dataset!$H6>=500,"high price","standard price") -> standard price | H6: 70 | I6: 20 | J6: Outdoor | L6: Maximum | M6: =MAX(Dataset!$H$2:$H$35) -> 1000
A7: =MID(Dataset!$D7,4,3) -> JUN | B7: =RIGHT(Dataset!$D7,2) -> UK | C7: =LEFT(Dataset!$D7,2) -> 07 | D7: 07-JUN-UK | E7: Headphones | F7: Sony | G7: =IF(Dataset!$H7>=500,"high price","standard price") -> standard price | H7: 200 | I7: 45 | J7: Electronics | L7: SumIf function | M7: =SUMIF(Dataset!$J$2:$J$35,"Electronics",Dataset!$H$2:$H$35) -> 8050
A8: =MID(Dataset!$D8,4,3) -> JUL | B8: =RIGHT(Dataset!$D8,2) -> UK | C8: =LEFT(Dataset!$D8,2) -> 19 | D8: 19-JUL-UK | E8: T-shirt | F8: Adidas | G8: =IF(Dataset!$H8>=500,"high price","standard price") -> standard price | H8: 30 | I8: 5 | J8: Fashion | L8: CountIf function | M8: =COUNTIF(Dataset!$H$2:$H$35,"<100") -> 11
A9: =MID(Dataset!$D9,4,3) -> AUG | B9: =RIGHT(Dataset!$D9,2) -> UK | C9: =LEFT(Dataset!$D9,2) -> 23 | D9: 23-AUG-UK | E9: Blender | F9: Ninja | G9: =IF(Dataset!$H9>=500,"high price","standard price") -> standard price | H9: 90 | I9: 35 | J9: Kitchen
A10: =MID(Dataset!$D10,4,3) -> SEP | B10: =RIGHT(Dataset!$D10,2) -> UK | C10: =LEFT(Dataset!$D10,2) -> 05 | D10: 05-SEP-UK | E10: Tablet | F10: Apple | G10: =IF(Dataset!$H10>=500,"high price","standard price") -> high price | H10: 500 | I10: 50 | J10: Electronics
A11: =MID(Dataset!$D11,4,3) -> OCT | B11: =RIGHT(Dataset!$D11,2) -> UK | C11: =LEFT(Dataset!$D11,2) -> 14 | D11: 14-OCT-UK | E11: Hiking Boots | F11: Timberland | G11: =IF(Dataset!$H11>=500,"high price","standard price") -> standard price | H11: 130 | I11: 10 | J11: Outdoor
A12: =MID(Dataset!$D12,4,3) -> JUN | B12: =RIGHT(Dataset!$D12,2) -> IN | C12: =LEFT(Dataset!$D12,2) -> 17 | D12: 17-JUN-IN | E12: Laptop | F12: HP | G12: =IF(Dataset!$H12>=500,"high price","standard price") -> high price | H12: 950 | I12: 25 | J12: Electronics
A13: =MID(Dataset!$D13,4,3) -> NOV | B13: =RIGHT(Dataset!$D13,2) -> AU | C13: =LEFT(Dataset!$D13,2) -> 25 | D13: 25-NOV-AU | E13: Sneakers | F13: Adidas | G13: =IF(Dataset!$H13>=500,"high price","standard price") -> standard price | H13: 90 | I13: 40 | J13: Fashion
A14: =MID(Dataset!$D14,4,3) -> DEC | B14: =RIGHT(Dataset!$D14,2) -> DE | C14: =LEFT(Dataset!$D14,2) -> 08 | D14: 08-DEC-DE | E14: Coffee Maker | F14: Nespresso | G14: =IF(Dataset!$H14>=500,"high price","standard price") -> standard price | H14: 120 | I14: 35 | J14: Kitchen
A15: =MID(Dataset!$D15,4,3) | B15: =RIGHT(Dataset!$D15,2) | C15: =LEFT(Dataset!$D15,2) | E15: Smartwatch | F15: Fitbit | G15: =IF(Dataset!$H15>=500,"high price","standard price") -> standard price | H15: 150 | I15: 15 | J15: Electronics
A16: =MID(Dataset!$D16,4,3) -> APR | B16: =RIGHT(Dataset!$D16,2) -> ES | C16: =LEFT(Dataset!$D16,2) -> 16 | D16: 16-APR-ES | E16: Headphones | F16: Bose | G16: =IF(Dataset!$H16>=500,"high price","standard price") -> standard price | H16: 250 | I16: 20 | J16: Electronics
A17: =MID(Dataset!$D17,4,3) -> AUG | B17: =RIGHT(Dataset!$D17,2) -> CA | C17: =LEFT(Dataset!$D17,2) -> 21 | D17: 21-AUG-CA | E17: Laptop Bag | F17: Samsonite | G17: =IF(Dataset!$H17>=500,"high price","standard price") -> standard price | H17: 50 | I17: 35 | J17: Accessories
A18: =MID(Dataset!$D18,4,3) -> AUG | B18: =RIGHT(Dataset!$D18,2) -> CN | C18: =LEFT(Dataset!$D18,2) -> 20 | D18: 20-AUG-CN | E18: Smartwatch | F18: Huawei | G18: =IF(Dataset!$H18>=500,"high price","standard price") -> standard price | H18: 160 | I18: 15 | J18: Electronics
A19: =MID(Dataset!$D19,4,3) -> JAN | B19: =RIGHT(Dataset!$D19,2) -> IT | C19: =LEFT(Dataset!$D19,2) -> 27 | D19: 27-JAN-IT | E19: Laptop | F19: Asus | G19: =IF(Dataset!$H19>=500,"high price","standard price") -> high price | H19: 980 | I19: 10 | J19: Electronics
A20: =MID(Dataset!$D20,4,3) -> MAR | B20: =RIGHT(Dataset!$D20,2) -> UK | C20: =LEFT(Dataset!$D20,2) -> 01 | D20: 01-MAR-UK | E20: Sunglasses | F20: Oakley | G20: =IF(Dataset!$H20>=500,"high price","standard price") -> standard price | H20: 150 | I20: 15 | J20: Fashion
A21: =MID(Dataset!$D21,4,3) -> AUG | B21: =RIGHT(Dataset!$D21,2) -> US | C21: =LEFT(Dataset!$D21,2) -> 14 | D21: 14-AUG-US | E21: Camping Tent | F21: Coleman | G21: =IF(Dataset!$H21>=500,"high price","standard price") -> standard price | H21: 200 | I21: 10 | J21: Outdoor
A22: =MID(Dataset!$D22,4,3) -> MAY | B22: =RIGHT(Dataset!$D22,2) -> RU | C22: =LEFT(Dataset!$D22,2) -> 14 | D22: 14-MAY-RU | E22: Camera | F22: Nikon | G22: =IF(Dataset!$H22>=500,"high price","standard price") -> high price | H22: 700 | I22: 50 | J22: Electronics
A23: =MID(Dataset!$D23,4,3) -> JAN | B23: =RIGHT(Dataset!$D23,2) -> CA | C23: =LEFT(Dataset!$D23,2) -> 09 | D23: 09-JAN-CA | E23: Microwave | F23: Panasonic | G23: =IF(Dataset!$H23>=500,"high price","standard price") -> standard price | H23: 80 | I23: 20 | J23: Kitchen
A24: =MID(Dataset!$D24,4,3) -> JUL | B24: =RIGHT(Dataset!$D24,2) -> BR | C24: =LEFT(Dataset!$D24,2) -> 19 | D24: 19-JUL-BR | E24: Fitness Tracker | F24: Xiaomi | G24: =IF(Dataset!$H24>=500,"high price","standard price") -> standard price | H24: 150 | I24: 30 | J24: Electronics
A25: =MID(Dataset!$D25,4,3) -> AUG | B25: =RIGHT(Dataset!$D25,2) -> CA | C25: =LEFT(Dataset!$D25,2) -> 21 | D25: 21-AUG-CA | E25: Laptop Bag | F25: Samsonite | G25: =IF(Dataset!$H25>=500,"high price","standard price") -> standard price | H25: 50 | I25: 35 | J25: Accessories
A26: =MID(Dataset!$D26,4,3) -> SEP | B26: =RIGHT(Dataset!$D26,2) -> CA | C26: =LEFT(Dataset!$D26,2) -> 29 | D26: 29-SEP-CA | E26: Smartphone | F26: Google | G26: =IF(Dataset!$H26>=500,"high price","standard price") -> high price | H26: 800 | I26: 45 | J26: Electronics
A27: =MID(Dataset!$D27,4,3) -> JUN | B27: =RIGHT(Dataset!$D27,2) -> CA | C27: =LEFT(Dataset!$D27,2) -> 03 | D27: 03-JUN-CA | E27: Sunglasses | F27: Ray-Ban | G27: =IF(Dataset!$H27>=500,"high price","standard price") -> standard price | H27: 130 | I27: 25 | J27: Fashion
... A34: =MID(Dataset!$D34,4,3) -> JUN | B34: =RIGHT(Dataset!$D34,2) -> IN | C34: =LEFT(Dataset!$D34,2) -> 17 | D34: 17-JUN-IN | E34: Laptop | F34: HP | G34: =IF(Dataset!$H34>=500,"high price","standard price") -> high price | H34: 950 | I34: 25 | J34: Electronics
A35: =MID(Dataset!$D35,4,3) -> JUL | B35: =RIGHT(Dataset!$D35,2) -> FR | C35: =LEFT(Dataset!$D35,2) -> 09 | D35: 09-JUL-FR | E35: Watch | G35: =IF(Dataset!$H35>=500,"high price","standard price") -> standard price | H35: 100 | I35: 20 | J35: Accessories
